accepted_abs_delta,accepted_mse,accepted_rel_delta,candidate_count,chunks,device,elapsed_sec,elements,grad_clip,id,improved_chunks,initial_mse,log,lr,neighbor_candidates,optimizer_name,out,preset,raw_abs_delta,raw_best_mse,raw_rel_delta,restarts,result_dir,returncode,rotation_trick,scale_end,scale_start,stage,std,steps,strength,target_candidates,temp_end,temp_start,tensors,weight_decay
3.5841301521739283e-07,2.92810758663917e-05,0.012092415515295317,4,18,cuda:5,20.768654823303223,1179648,0.0,hard_lr05_steps50_c4,15,2.9639488881609093e-05,runtime/gsvq_iquant_hparam/20260516-041814/search/hard_lr05_steps50_c4/subprocess.log,0.5,2,adamw,runtime/gsvq_iquant_hparam/20260516-041814/search/hard_lr05_steps50_c4,tuned,3.5841301521739283e-07,2.92810758663917e-05,0.012092415515295317,1,runtime/gsvq_iquant_hparam/20260516-041814/search/hard_lr05_steps50_c4/20260516-042327_tuned,0,False,40.0,1.0,search,0.01,50,0.25,2,0.1,1.5,18,0.0
3.1181096144589887e-07,2.9327677920163194e-05,0.010520119381659561,4,18,cuda:7,19.705793142318726,1179648,0.0,cand_4_n2_t2,18,2.9639488881609093e-05,runtime/gsvq_iquant_hparam/20260516-041814/search/cand_4_n2_t2/subprocess.log,0.05,2,adamw,runtime/gsvq_iquant_hparam/20260516-041814/search/cand_4_n2_t2,tuned,3.1181096144589887e-07,2.9327677920163194e-05,0.010520119381659561,1,runtime/gsvq_iquant_hparam/20260516-041814/search/cand_4_n2_t2/20260516-041923_tuned,0,False,40.0,1.0,search,0.01,20,0.25,2,0.1,1.5,18,0.0
1.9414336646959035e-07,2.9445345515139503e-05,0.0065501590545326074,8,18,cuda:6,21.824029207229614,1179648,0.0,steps_100,16,2.9639488881609093e-05,runtime/gsvq_iquant_hparam/20260516-041814/search/steps_100/subprocess.log,0.05,4,adamw,runtime/gsvq_iquant_hparam/20260516-041814/search/steps_100,tuned,1.9414336646959035e-07,2.9445345515139503e-05,0.0065501590545326074,1,runtime/gsvq_iquant_hparam/20260516-041814/search/steps_100/20260516-041923_tuned,0,False,40.0,1.0,search,0.01,100,0.25,4,0.1,1.5,18,0.0
1.919231383201112e-07,2.9447565743288982e-05,0.006475251280031248,8,18,cuda:5,20.364606142044067,1179648,0.0,hard_lion_lr005_steps50,17,2.9639488881609093e-05,runtime/gsvq_iquant_hparam/20260516-041814/search/hard_lion_lr005_steps50/subprocess.log,0.005,4,lion,runtime/gsvq_iquant_hparam/20260516-041814/search/hard_lion_lr005_steps50,tuned,1.919231383201112e-07,2.9447565743288982e-05,0.006475251280031248,1,runtime/gsvq_iquant_hparam/20260516-041814/search/hard_lion_lr005_steps50/20260516-042429_tuned,0,False,40.0,1.0,search,0.01,50,0.25,4,0.1,1.5,18,0.0
1.9032449927181005e-07,2.9449164382337283e-05,0.006421315159381978,8,18,cuda:6,19.747074127197266,1179648,0.0,scale_0.5_20,16,2.9639488881609093e-05,runtime/gsvq_iquant_hparam/20260516-041814/search/scale_0.5_20/subprocess.log,0.05,4,adamw,runtime/gsvq_iquant_hparam/20260516-041814/search/scale_0.5_20,tuned,1.9032449927181005e-07,2.9449164382337283e-05,0.006421315159381978,1,runtime/gsvq_iquant_hparam/20260516-041814/search/scale_0.5_20/20260516-042146_tuned,0,False,20.0,0.5,search,0.01,20,0.25,4,0.1,1.5,18,0.0
1.8717769813115953e-07,2.9452311183477934e-05,0.006315145948663804,8,18,cuda:5,20.92736029624939,1179648,0.0,steps_50,16,2.9639488881609093e-05,runtime/gsvq_iquant_hparam/20260516-041814/search/steps_50/subprocess.log,0.05,4,adamw,runtime/gsvq_iquant_hparam/20260516-041814/search/steps_50,tuned,1.8717769813115953e-07,2.9452311183477934e-05,0.006315145948663804,1,runtime/gsvq_iquant_hparam/20260516-041814/search/steps_50/20260516-041923_tuned,0,False,40.0,1.0,search,0.01,50,0.25,4,0.1,1.5,18,0.0
1.8196108915920906e-07,2.9457527792449884e-05,0.006139143960478802,8,18,cuda:5,20.127460718154907,1179648,0.0,scale_0.1_10,15,2.9639488881609093e-05,runtime/gsvq_iquant_hparam/20260516-041814/search/scale_0.1_10/subprocess.log,0.05,4,adamw,runtime/gsvq_iquant_hparam/20260516-041814/search/scale_0.1_10,tuned,1.8196108915920906e-07,2.9457527792449884e-05,0.006139143960478802,1,runtime/gsvq_iquant_hparam/20260516-041814/search/scale_0.1_10/20260516-042145_tuned,0,False,10.0,0.1,search,0.01,20,0.25,4,0.1,1.5,18,0.0
1.7557653740772733e-07,2.9463912344201366e-05,0.00592373701547432,8,18,cuda:6,20.824819564819336,1179648,0.0,hard_restart3_lr01,16,2.9639488881609093e-05,runtime/gsvq_iquant_hparam/20260516-041814/search/hard_restart3_lr01/subprocess.log,0.1,4,adamw,runtime/gsvq_iquant_hparam/20260516-041814/search/hard_restart3_lr01,tuned,1.7557653740772733e-07,2.9463912344201366e-05,0.00592373701547432,3,runtime/gsvq_iquant_hparam/20260516-041814/search/hard_restart3_lr01/20260516-042429_tuned,0,False,40.0,1.0,search,0.01,20,0.25,4,0.1,1.5,18,0.0
1.709286152618006e-07,2.9468560266347293e-05,0.005766921823265971,8,18,cuda:3,20.377201080322266,1179648,0.0,temp_0.7_0.2,15,2.9639488881609093e-05,runtime/gsvq_iquant_hparam/20260516-041814/search/temp_0.7_0.2/subprocess.log,0.05,4,adamw,runtime/gsvq_iquant_hparam/20260516-041814/search/temp_0.7_0.2,tuned,1.709286152618006e-07,2.9468560266347293e-05,0.005766921823265971,1,runtime/gsvq_iquant_hparam/20260516-041814/search/temp_0.7_0.2/20260516-042143_tuned,0,False,40.0,1.0,search,0.01,20,0.25,4,0.2,0.7,18,0.0
1.6043072213910275e-07,2.947905815946999e-05,0.0054127357856919005,8,18,cuda:7,20.893736600875854,1179648,0.0,restart_3,16,2.9639488881609093e-05,runtime/gsvq_iquant_hparam/20260516-041814/search/restart_3/subprocess.log,0.05,4,adamw,runtime/gsvq_iquant_hparam/20260516-041814/search/restart_3,tuned,1.6043072213910275e-07,2.947905815946999e-05,0.0054127357856919005,3,runtime/gsvq_iquant_hparam/20260516-041814/search/restart_3/20260516-042244_tuned,0,False,40.0,1.0,search,0.01,20,0.25,4,0.1,1.5,18,0.0
1.5722035742429574e-07,2.9482268524184798e-05,0.0053044220179467695,8,18,cuda:6,20.959056854248047,1179648,0.0,restart_2,16,2.9639488881609093e-05,runtime/gsvq_iquant_hparam/20260516-041814/search/restart_2/subprocess.log,0.05,4,adamw,runtime/gsvq_iquant_hparam/20260516-041814/search/restart_2,tuned,1.5722035742429574e-07,2.9482268524184798e-05,0.0053044220179467695,2,runtime/gsvq_iquant_hparam/20260516-041814/search/restart_2/20260516-042246_tuned,0,False,40.0,1.0,search,0.01,20,0.25,4,0.1,1.5,18,0.0
1.549528355503244e-07,2.948453604605877e-05,0.0052279186111900385,8,18,cuda:5,20.294086694717407,1179648,0.0,temp_1_0.05,15,2.9639488881609093e-05,runtime/gsvq_iquant_hparam/20260516-041814/search/temp_1_0.05/subprocess.log,0.05,4,adamw,runtime/gsvq_iquant_hparam/20260516-041814/search/temp_1_0.05,tuned,1.549528355503244e-07,2.948453604605877e-05,0.0052279186111900385,1,runtime/gsvq_iquant_hparam/20260516-041814/search/temp_1_0.05/20260516-042125_tuned,0,False,40.0,1.0,search,0.01,20,0.25,4,0.05,1.0,18,0.0
1.4329877255174134e-07,2.9496190109057352e-05,0.004834724820125232,8,18,cuda:6,20.613553524017334,1179648,0.0,temp_0.7_0.05,14,2.9639488881609093e-05,runtime/gsvq_iquant_hparam/20260516-041814/search/temp_0.7_0.05/subprocess.log,0.05,4,adamw,runtime/gsvq_iquant_hparam/20260516-041814/search/temp_0.7_0.05,tuned,1.4329877255174134e-07,2.9496190109057352e-05,0.004834724820125232,1,runtime/gsvq_iquant_hparam/20260516-041814/search/temp_0.7_0.05/20260516-042125_tuned,0,False,40.0,1.0,search,0.01,20,0.25,4,0.05,0.7,18,0.0
1.3879738010776766e-07,2.9500691501501326e-05,0.004682853360332052,8,18,cuda:5,20.155874252319336,1179648,0.0,std_0.05,14,2.9639488881609093e-05,runtime/gsvq_iquant_hparam/20260516-041814/search/std_0.05/subprocess.log,0.05,4,adamw,runtime/gsvq_iquant_hparam/20260516-041814/search/std_0.05,tuned,1.3879738010776766e-07,2.9500691501501326e-05,0.004682853360332052,1,runtime/gsvq_iquant_hparam/20260516-041814/search/std_0.05/20260516-042104_tuned,0,False,40.0,1.0,search,0.05,20,0.25,4,0.1,1.5,18,0.0
1.340847322555636e-07,2.950540414935353e-05,0.0045238544021844245,8,18,cuda:7,21.783783435821533,1179648,0.0,hard_lr01_steps100_c8,12,2.9639488881609093e-05,runtime/gsvq_iquant_hparam/20260516-041814/search/hard_lr01_steps100_c8/subprocess.log,0.1,4,adamw,runtime/gsvq_iquant_hparam/20260516-041814/search/hard_lr01_steps100_c8,tuned,1.340847322555636e-07,2.950540414935353e-05,0.0045238544021844245,1,runtime/gsvq_iquant_hparam/20260516-041814/search/hard_lr01_steps100_c8/20260516-042305_tuned,0,False,40.0,1.0,search,0.01,100,0.25,4,0.1,1.5,18,0.0
1.3263287554663456e-07,2.950685600606246e-05,0.004474870537626966,8,18,cuda:6,20.01630997657776,1179648,0.0,lr_0.1,14,2.9639488881609093e-05,runtime/gsvq_iquant_hparam/20260516-041814/search/lr_0.1/subprocess.log,0.1,4,adamw,runtime/gsvq_iquant_hparam/20260516-041814/search/lr_0.1,tuned,1.3263287554663456e-07,2.950685600606246e-05,0.004474870537626966,1,runtime/gsvq_iquant_hparam/20260516-041814/search/lr_0.1/20260516-041842_tuned,0,False,40.0,1.0,search,0.01,20,0.25,4,0.1,1.5,18,0.0
1.272863604147786e-07,2.9512202521194315e-05,0.0042944856749455645,8,18,cuda:3,20.06582474708557,1179648,0.0,std_0.03,14,2.9639488881609093e-05,runtime/gsvq_iquant_hparam/20260516-041814/search/std_0.03/subprocess.log,0.05,4,adamw,runtime/gsvq_iquant_hparam/20260516-041814/search/std_0.03,tuned,1.272863604147786e-07,2.9512202521194315e-05,0.0042944856749455645,1,runtime/gsvq_iquant_hparam/20260516-041814/search/std_0.03/20260516-042103_tuned,0,False,40.0,1.0,search,0.03,20,0.25,4,0.1,1.5,18,0.0
1.2690841483870813e-07,2.9512580466770385e-05,0.004281734254785112,8,18,cuda:3,19.837695360183716,1179648,0.0,lr_0.02,13,2.9639488881609093e-05,runtime/gsvq_iquant_hparam/20260516-041814/search/lr_0.02/subprocess.log,0.02,4,adamw,runtime/gsvq_iquant_hparam/20260516-041814/search/lr_0.02,tuned,1.2690841483870813e-07,2.9512580466770385e-05,0.004281734254785112,1,runtime/gsvq_iquant_hparam/20260516-041814/search/lr_0.02/20260516-041842_tuned,0,False,40.0,1.0,search,0.01,20,0.25,4,0.1,1.5,18,0.0
1.2562840210093035e-07,2.9513860479508163e-05,0.004238548195035883,8,18,cuda:5,20.703702449798584,1179648,0.0,hard_lr01_steps50_c8,13,2.9639488881609093e-05,runtime/gsvq_iquant_hparam/20260516-041814/search/hard_lr01_steps50_c8/subprocess.log,0.1,4,adamw,runtime/gsvq_iquant_hparam/20260516-041814/search/hard_lr01_steps50_c8,tuned,1.2562840210093035e-07,2.9513860479508163e-05,0.004238548195035883,1,runtime/gsvq_iquant_hparam/20260516-041814/search/hard_lr01_steps50_c8/20260516-042306_tuned,0,False,40.0,1.0,search,0.01,50,0.25,4,0.1,1.5,18,0.0
1.2547813336520258e-07,2.951401074824389e-05,0.004233478312207337,8,18,cuda:5,20.425590991973877,1179648,0.0,std_0,15,2.9639488881609093e-05,runtime/gsvq_iquant_hparam/20260516-041814/search/std_0/subprocess.log,0.05,4,adamw,runtime/gsvq_iquant_hparam/20260516-041814/search/std_0,tuned,1.2547813336520258e-07,2.951401074824389e-05,0.004233478312207337,1,runtime/gsvq_iquant_hparam/20260516-041814/search/std_0/20260516-042044_tuned,0,False,40.0,1.0,search,0.0,20,0.25,4,0.1,1.5,18,0.0
1.2280674531616026e-07,2.9516682136292933e-05,0.004143348956073267,8,18,cuda:7,20.530491828918457,1179648,0.0,std_0.01,14,2.9639488881609093e-05,runtime/gsvq_iquant_hparam/20260516-041814/search/std_0.01/subprocess.log,0.05,4,adamw,runtime/gsvq_iquant_hparam/20260516-041814/search/std_0.01,tuned,1.2280674531616026e-07,2.9516682136292933e-05,0.004143348956073267,1,runtime/gsvq_iquant_hparam/20260516-041814/search/std_0.01/20260516-042044_tuned,0,False,40.0,1.0,search,0.01,20,0.25,4,0.1,1.5,18,0.0
1.2280674531616026e-07,2.9516682136292933e-05,0.004143348956073267,8,18,cuda:7,19.99904704093933,1179648,0.0,scale_1_40,14,2.9639488881609093e-05,runtime/gsvq_iquant_hparam/20260516-041814/search/scale_1_40/subprocess.log,0.05,4,adamw,runtime/gsvq_iquant_hparam/20260516-041814/search/scale_1_40,tuned,1.2280674531616026e-07,2.9516682136292933e-05,0.004143348956073267,1,runtime/gsvq_iquant_hparam/20260516-041814/search/scale_1_40/20260516-042144_tuned,0,False,40.0,1.0,search,0.01,20,0.25,4,0.1,1.5,18,0.0
1.2280674531616026e-07,2.9516682136292933e-05,0.004143348956073267,8,18,cuda:7,20.355796813964844,1179648,0.0,opt_adam,14,2.9639488881609093e-05,runtime/gsvq_iquant_hparam/20260516-041814/search/opt_adam/subprocess.log,0.05,4,adam,runtime/gsvq_iquant_hparam/20260516-041814/search/opt_adam,tuned,1.2280674531616026e-07,2.9516682136292933e-05,0.004143348956073267,1,runtime/gsvq_iquant_hparam/20260516-041814/search/opt_adam/20260516-042205_tuned,0,False,40.0,1.0,search,0.01,20,0.25,4,0.1,1.5,18,0.0
1.2280674531616026e-07,2.9516682136292933e-05,0.004143348956073267,8,18,cuda:7,19.74233102798462,1179648,0.1,clip_0.1,14,2.9639488881609093e-05,runtime/gsvq_iquant_hparam/20260516-041814/search/clip_0.1/subprocess.log,0.05,4,adamw,runtime/gsvq_iquant_hparam/20260516-041814/search/clip_0.1,tuned,1.2280674531616026e-07,2.9516682136292933e-05,0.004143348956073267,1,runtime/gsvq_iquant_hparam/20260516-041814/search/clip_0.1/20260516-042225_tuned,0,False,40.0,1.0,search,0.01,20,0.25,4,0.1,1.5,18,0.0
1.2280674531616026e-07,2.9516682136292933e-05,0.004143348956073267,8,18,cuda:3,19.824977159500122,1179648,0.0,steps_20,14,2.9639488881609093e-05,runtime/gsvq_iquant_hparam/20260516-041814/search/steps_20/subprocess.log,0.05,4,adamw,runtime/gsvq_iquant_hparam/20260516-041814/search/steps_20,tuned,1.2280674531616026e-07,2.9516682136292933e-05,0.004143348956073267,1,runtime/gsvq_iquant_hparam/20260516-041814/search/steps_20/20260516-041922_tuned,0,False,40.0,1.0,search,0.01,20,0.25,4,0.1,1.5,18,0.0
1.2280674531616026e-07,2.9516682136292933e-05,0.004143348956073267,8,18,cuda:3,19.855231761932373,1179648,0.0,cand_8_n4_t4,14,2.9639488881609093e-05,runtime/gsvq_iquant_hparam/20260516-041814/search/cand_8_n4_t4/subprocess.log,0.05,4,adamw,runtime/gsvq_iquant_hparam/20260516-041814/search/cand_8_n4_t4,tuned,1.2280674531616026e-07,2.9516682136292933e-05,0.004143348956073267,1,runtime/gsvq_iquant_hparam/20260516-041814/search/cand_8_n4_t4/20260516-041942_tuned,0,False,40.0,1.0,search,0.01,20,0.25,4,0.1,1.5,18,0.0
1.2280674531616026e-07,2.9516682136292933e-05,0.004143348956073267,8,18,cuda:3,20.18799352645874,1179648,0.0,opt_adamw,14,2.9639488881609093e-05,runtime/gsvq_iquant_hparam/20260516-041814/search/opt_adamw/subprocess.log,0.05,4,adamw,runtime/gsvq_iquant_hparam/20260516-041814/search/opt_adamw,tuned,1.2280674531616026e-07,2.9516682136292933e-05,0.004143348956073267,1,runtime/gsvq_iquant_hparam/20260516-041814/search/opt_adamw/20260516-042223_tuned,0,False,40.0,1.0,search,0.01,20,0.25,4,0.1,1.5,18,0.0
1.2280674531616026e-07,2.9516682136292933e-05,0.004143348956073267,8,18,cuda:3,20.318615674972534,1179648,1.0,clip_1,14,2.9639488881609093e-05,runtime/gsvq_iquant_hparam/20260516-041814/search/clip_1/subprocess.log,0.05,4,adamw,runtime/gsvq_iquant_hparam/20260516-041814/search/clip_1,tuned,1.2280674531616026e-07,2.9516682136292933e-05,0.004143348956073267,1,runtime/gsvq_iquant_hparam/20260516-041814/search/clip_1/20260516-042243_tuned,0,False,40.0,1.0,search,0.01,20,0.25,4,0.1,1.5,18,0.0
1.2280674531616026e-07,2.9516682136292933e-05,0.004143348956073267,8,18,cuda:5,21.322747230529785,1179648,0.0,current_tuned,14,2.9639488881609093e-05,runtime/gsvq_iquant_hparam/20260516-041814/search/current_tuned/subprocess.log,0.05,4,adamw,runtime/gsvq_iquant_hparam/20260516-041814/search/current_tuned,tuned,1.2280674531616026e-07,2.9516682136292933e-05,0.004143348956073267,1,runtime/gsvq_iquant_hparam/20260516-041814/search/current_tuned/20260516-041822_tuned,0,False,40.0,1.0,search,0.01,20,0.25,4,0.1,1.5,18,0.0
1.2280674531616026e-07,2.9516682136292933e-05,0.004143348956073267,8,18,cuda:5,20.297310829162598,1179648,0.0,lr_0.05,14,2.9639488881609093e-05,runtime/gsvq_iquant_hparam/20260516-041814/search/lr_0.05/subprocess.log,0.05,4,adamw,runtime/gsvq_iquant_hparam/20260516-041814/search/lr_0.05,tuned,1.2280674531616026e-07,2.9516682136292933e-05,0.004143348956073267,1,runtime/gsvq_iquant_hparam/20260516-041814/search/lr_0.05/20260516-041843_tuned,0,False,40.0,1.0,search,0.01,20,0.25,4,0.1,1.5,18,0.0
1.2280674531616026e-07,2.9516682136292933e-05,0.004143348956073267,8,18,cuda:5,20.356799364089966,1179648,5.0,clip_5,14,2.9639488881609093e-05,runtime/gsvq_iquant_hparam/20260516-041814/search/clip_5/subprocess.log,0.05,4,adamw,runtime/gsvq_iquant_hparam/20260516-041814/search/clip_5,tuned,1.2280674531616026e-07,2.9516682136292933e-05,0.004143348956073267,1,runtime/gsvq_iquant_hparam/20260516-041814/search/clip_5/20260516-042246_tuned,0,False,40.0,1.0,search,0.01,20,0.25,4,0.1,1.5,18,0.0
1.2280674531616026e-07,2.9516682136292933e-05,0.004143348956073267,8,18,cuda:6,20.05520462989807,1179648,0.0,strength_0.25,14,2.9639488881609093e-05,runtime/gsvq_iquant_hparam/20260516-041814/search/strength_0.25/subprocess.log,0.05,4,adamw,runtime/gsvq_iquant_hparam/20260516-041814/search/strength_0.25,tuned,1.2280674531616026e-07,2.9516682136292933e-05,0.004143348956073267,1,runtime/gsvq_iquant_hparam/20260516-041814/search/strength_0.25/20260516-042025_tuned,0,False,40.0,1.0,search,0.01,20,0.25,4,0.1,1.5,18,0.0
1.2120982420229842e-07,2.9518279057406795e-05,0.004089470796424816,8,18,cuda:3,19.93082094192505,1179648,0.0,temp_1.5_0.05,14,2.9639488881609093e-05,runtime/gsvq_iquant_hparam/20260516-041814/search/temp_1.5_0.05/subprocess.log,0.05,4,adamw,runtime/gsvq_iquant_hparam/20260516-041814/search/temp_1.5_0.05,tuned,1.2120982420229842e-07,2.9518279057406795e-05,0.004089470796424816,1,runtime/gsvq_iquant_hparam/20260516-041814/search/temp_1.5_0.05/20260516-042123_tuned,0,False,40.0,1.0,search,0.01,20,0.25,4,0.05,1.5,18,0.0
1.2072440666897072e-07,2.9518764474940123e-05,0.004073093404248229,8,18,cuda:7,20.147920846939087,1179648,0.0,temp_1.5_0.2,14,2.9639488881609093e-05,runtime/gsvq_iquant_hparam/20260516-041814/search/temp_1.5_0.2/subprocess.log,0.05,4,adamw,runtime/gsvq_iquant_hparam/20260516-041814/search/temp_1.5_0.2,tuned,1.2072440666897072e-07,2.9518764474940123e-05,0.004073093404248229,1,runtime/gsvq_iquant_hparam/20260516-041814/search/temp_1.5_0.2/20260516-042124_tuned,0,False,40.0,1.0,search,0.01,20,0.25,4,0.2,1.5,18,0.0
1.1893674430515222e-07,2.952055213730394e-05,0.004012779868783462,8,18,cuda:7,20.08708119392395,1179648,0.0,temp_2_0.05,14,2.9639488881609093e-05,runtime/gsvq_iquant_hparam/20260516-041814/search/temp_2_0.05/subprocess.log,0.05,4,adamw,runtime/gsvq_iquant_hparam/20260516-041814/search/temp_2_0.05,tuned,1.1893674430515222e-07,2.952055213730394e-05,0.004012779868783462,1,runtime/gsvq_iquant_hparam/20260516-041814/search/temp_2_0.05/20260516-042104_tuned,0,False,40.0,1.0,search,0.01,20,0.25,4,0.05,2.0,18,0.0
1.1853404026219866e-07,2.9520954841346895e-05,0.003999193128318331,8,18,cuda:6,20.182367086410522,1179648,0.0,std_0.005,15,2.9639488881609093e-05,runtime/gsvq_iquant_hparam/20260516-041814/search/std_0.005/subprocess.log,0.05,4,adamw,runtime/gsvq_iquant_hparam/20260516-041814/search/std_0.005,tuned,1.1853404026219866e-07,2.9520954841346895e-05,0.003999193128318331,1,runtime/gsvq_iquant_hparam/20260516-041814/search/std_0.005/20260516-042045_tuned,0,False,40.0,1.0,search,0.005,20,0.25,4,0.1,1.5,18,0.0
1.1696005862581299e-07,2.952252882298328e-05,0.003946088918503083,8,18,cuda:7,20.52486252784729,1179648,0.0,strength_0.5,10,2.9639488881609093e-05,runtime/gsvq_iquant_hparam/20260516-041814/search/strength_0.5/subprocess.log,0.05,4,adamw,runtime/gsvq_iquant_hparam/20260516-041814/search/strength_0.5,tuned,1.1696005862581299e-07,2.952252882298328e-05,0.003946088918503083,1,runtime/gsvq_iquant_hparam/20260516-041814/search/strength_0.5/20260516-042023_tuned,0,False,40.0,1.0,search,0.01,20,0.5,4,0.1,1.5,18,0.0
1.0606517106579466e-07,2.95334237105433e-05,0.0035785087755547187,8,18,cuda:7,20.558979749679565,1179648,0.0,hard_temp_low_lr01,11,2.9639488881609093e-05,runtime/gsvq_iquant_hparam/20260516-041814/search/hard_temp_low_lr01/subprocess.log,0.1,4,adamw,runtime/gsvq_iquant_hparam/20260516-041814/search/hard_temp_low_lr01,tuned,1.0606517106579466e-07,2.95334237105433e-05,0.0035785087755547187,1,runtime/gsvq_iquant_hparam/20260516-041814/search/hard_temp_low_lr01/20260516-042408_tuned,0,False,40.0,1.0,search,0.01,20,0.25,4,0.05,0.7,18,0.0
9.394797315407394e-08,2.954554090845502e-05,0.0031696893805873757,8,18,cuda:7,20.970921516418457,1179648,0.0,steps_10,12,2.9639488881609093e-05,runtime/gsvq_iquant_hparam/20260516-041814/search/steps_10/subprocess.log,0.05,4,adamw,runtime/gsvq_iquant_hparam/20260516-041814/search/steps_10,tuned,9.394797315407394e-08,2.954554090845502e-05,0.0031696893805873757,1,runtime/gsvq_iquant_hparam/20260516-041814/search/steps_10/20260516-041903_tuned,0,False,40.0,1.0,search,0.01,10,0.25,4,0.1,1.5,18,0.0
9.209179552271962e-08,2.9547397086086374e-05,0.003107064224034624,8,18,cuda:5,20.4076566696167,1179648,0.0,scale_5_100,11,2.9639488881609093e-05,runtime/gsvq_iquant_hparam/20260516-041814/search/scale_5_100/subprocess.log,0.05,4,adamw,runtime/gsvq_iquant_hparam/20260516-041814/search/scale_5_100,tuned,9.209179552271962e-08,2.9547397086086374e-05,0.003107064224034624,1,runtime/gsvq_iquant_hparam/20260516-041814/search/scale_5_100/20260516-042205_tuned,0,False,100.0,5.0,search,0.01,20,0.25,4,0.1,1.5,18,0.0
9.131513757488935e-08,2.9548173744034204e-05,0.003080860737499059,8,18,cuda:3,20.208593606948853,1179648,0.0,scale_1_100,14,2.9639488881609093e-05,runtime/gsvq_iquant_hparam/20260516-041814/search/scale_1_100/subprocess.log,0.05,4,adamw,runtime/gsvq_iquant_hparam/20260516-041814/search/scale_1_100,tuned,9.131513757488935e-08,2.9548173744034204e-05,0.003080860737499059,1,runtime/gsvq_iquant_hparam/20260516-041814/search/scale_1_100/20260516-042203_tuned,0,False,100.0,1.0,search,0.01,20,0.25,4,0.1,1.5,18,0.0
8.190717279730214e-08,2.955758170881179e-05,0.00276344754541717,8,18,cuda:6,20.152816772460938,1179648,0.0,cand_8_n0_t8,9,2.9639488881609093e-05,runtime/gsvq_iquant_hparam/20260516-041814/search/cand_8_n0_t8/subprocess.log,0.05,0,adamw,runtime/gsvq_iquant_hparam/20260516-041814/search/cand_8_n0_t8,tuned,8.190717279730214e-08,2.955758170881179e-05,0.00276344754541717,1,runtime/gsvq_iquant_hparam/20260516-041814/search/cand_8_n0_t8/20260516-041945_tuned,0,False,40.0,1.0,search,0.01,20,0.25,8,0.1,1.5,18,0.0
8.156520278943552e-08,2.9557923678819658e-05,0.0027519098968014134,8,18,cuda:3,22.86832880973816,1179648,0.0,hard_lr02_steps100_c8,8,2.9639488881609093e-05,runtime/gsvq_iquant_hparam/20260516-041814/search/hard_lr02_steps100_c8/subprocess.log,0.2,4,adamw,runtime/gsvq_iquant_hparam/20260516-041814/search/hard_lr02_steps100_c8,tuned,8.156520278943552e-08,2.9557923678819658e-05,0.0027519098968014134,1,runtime/gsvq_iquant_hparam/20260516-041814/search/hard_lr02_steps100_c8/20260516-042324_tuned,0,False,40.0,1.0,search,0.01,100,0.25,4,0.1,1.5,18,0.0
7.884449991656223e-08,2.956064438169253e-05,0.0026601167189993003,8,18,cuda:5,19.72326159477234,1179648,0.0,strength_0.1,10,2.9639488881609093e-05,runtime/gsvq_iquant_hparam/20260516-041814/search/strength_0.1/subprocess.log,0.05,4,adamw,runtime/gsvq_iquant_hparam/20260516-041814/search/strength_0.1,tuned,7.884449991656223e-08,2.956064438169253e-05,0.0026601167189993003,1,runtime/gsvq_iquant_hparam/20260516-041814/search/strength_0.1/20260516-042024_tuned,0,False,40.0,1.0,search,0.01,20,0.1,4,0.1,1.5,18,0.0
6.980048460213223e-08,2.956968839700696e-05,0.002354982735395363,8,18,cuda:7,20.355836629867554,1179648,0.0,lr_0.2,10,2.9639488881609093e-05,runtime/gsvq_iquant_hparam/20260516-041814/search/lr_0.2/subprocess.log,0.2,4,adamw,runtime/gsvq_iquant_hparam/20260516-041814/search/lr_0.2,tuned,6.980048460213223e-08,2.956968839700696e-05,0.002354982735395363,1,runtime/gsvq_iquant_hparam/20260516-041814/search/lr_0.2/20260516-041842_tuned,0,False,40.0,1.0,search,0.01,20,0.25,4,0.1,1.5,18,0.0
6.97993224700148e-08,2.956968955913908e-05,0.0023549435264831556,8,18,cuda:5,20.373507499694824,1179648,0.0,hard_scale100_lr01,12,2.9639488881609093e-05,runtime/gsvq_iquant_hparam/20260516-041814/search/hard_scale100_lr01/subprocess.log,0.1,4,adamw,runtime/gsvq_iquant_hparam/20260516-041814/search/hard_scale100_lr01,tuned,6.97993224700148e-08,2.956968955913908e-05,0.0023549435264831556,1,runtime/gsvq_iquant_hparam/20260516-041814/search/hard_scale100_lr01/20260516-042409_tuned,0,False,100.0,1.0,search,0.01,20,0.25,4,0.1,1.5,18,0.0
6.924821920822422e-08,2.957024066240087e-05,0.002336349978396281,8,18,cuda:6,20.41929793357849,1179648,0.0,hard_lr02_steps50_c8,8,2.9639488881609093e-05,runtime/gsvq_iquant_hparam/20260516-041814/search/hard_lr02_steps50_c8/subprocess.log,0.2,4,adamw,runtime/gsvq_iquant_hparam/20260516-041814/search/hard_lr02_steps50_c8,tuned,6.924821920822422e-08,2.957024066240087e-05,0.002336349978396281,1,runtime/gsvq_iquant_hparam/20260516-041814/search/hard_lr02_steps50_c8/20260516-042307_tuned,0,False,40.0,1.0,search,0.01,50,0.25,4,0.1,1.5,18,0.0
6.750436417254224e-08,2.957198451743655e-05,0.0022775144484501486,8,18,cuda:3,20.360503911972046,1179648,0.0,rot_trick,11,2.9639488881609093e-05,runtime/gsvq_iquant_hparam/20260516-041814/search/rot_trick/subprocess.log,0.05,4,adamw,runtime/gsvq_iquant_hparam/20260516-041814/search/rot_trick,tuned,6.750436417254224e-08,2.957198451743655e-05,0.0022775144484501486,1,runtime/gsvq_iquant_hparam/20260516-041814/search/rot_trick/20260516-042304_tuned,0,True,40.0,1.0,search,0.01,20,0.25,4,0.1,1.5,18,0.0
6.376346088169876e-08,2.9575725420727395e-05,0.0021513009598914893,16,18,cuda:7,19.864569187164307,1179648,0.0,cand_16_n8_t8,10,2.9639488881609093e-05,runtime/gsvq_iquant_hparam/20260516-041814/search/cand_16_n8_t8/subprocess.log,0.05,8,adamw,runtime/gsvq_iquant_hparam/20260516-041814/search/cand_16_n8_t8,tuned,6.376346088169876e-08,2.9575725420727395e-05,0.0021513009598914893,1,runtime/gsvq_iquant_hparam/20260516-041814/search/cand_16_n8_t8/20260516-041943_tuned,0,False,40.0,1.0,search,0.01,20,0.25,8,0.1,1.5,18,0.0
5.8789889105053506e-08,2.958069899250404e-05,0.0019834987485742995,8,18,cuda:6,20.378493547439575,1179648,0.0,hard_scale200_lr01,9,2.9639488881609093e-05,runtime/gsvq_iquant_hparam/20260516-041814/search/hard_scale200_lr01/subprocess.log,0.1,4,adamw,runtime/gsvq_iquant_hparam/20260516-041814/search/hard_scale200_lr01,tuned,5.8789889105053506e-08,2.958069899250404e-05,0.0019834987485742995,1,runtime/gsvq_iquant_hparam/20260516-041814/search/hard_scale200_lr01/20260516-042409_tuned,0,False,200.0,5.0,search,0.01,20,0.25,4,0.1,1.5,18,0.0
5.4699588266281186e-08,2.9584789293342812e-05,0.001845497015308572,8,18,cuda:6,19.99243712425232,1179648,0.0,scale_10_200,8,2.9639488881609093e-05,runtime/gsvq_iquant_hparam/20260516-041814/search/scale_10_200/subprocess.log,0.05,4,adamw,runtime/gsvq_iquant_hparam/20260516-041814/search/scale_10_200,tuned,5.4699588266281186e-08,2.9584789293342812e-05,0.001845497015308572,1,runtime/gsvq_iquant_hparam/20260516-041814/search/scale_10_200/20260516-042206_tuned,0,False,200.0,10.0,search,0.01,20,0.25,4,0.1,1.5,18,0.0
4.669942023206747e-08,2.9592789461377026e-05,0.001575581158588866,8,18,cuda:6,20.470731735229492,1179648,0.0,hard_c8_target_only_lr01,5,2.9639488881609093e-05,runtime/gsvq_iquant_hparam/20260516-041814/search/hard_c8_target_only_lr01/subprocess.log,0.1,0,adamw,runtime/gsvq_iquant_hparam/20260516-041814/search/hard_c8_target_only_lr01,tuned,4.669942023206747e-08,2.9592789461377026e-05,0.001575581158588866,1,runtime/gsvq_iquant_hparam/20260516-041814/search/hard_c8_target_only_lr01/20260516-042348_tuned,0,False,40.0,1.0,search,0.01,20,0.25,8,0.1,1.5,18,0.0
3.075148116396298e-08,2.960873740044513e-05,0.0010375172556718365,16,18,cuda:5,19.828209400177002,1179648,0.0,cand_16_n12_t4,8,2.9639488881609093e-05,runtime/gsvq_iquant_hparam/20260516-041814/search/cand_16_n12_t4/subprocess.log,0.05,12,adamw,runtime/gsvq_iquant_hparam/20260516-041814/search/cand_16_n12_t4,tuned,3.075148116396298e-08,2.960873740044513e-05,0.0010375172556718365,1,runtime/gsvq_iquant_hparam/20260516-041814/search/cand_16_n12_t4/20260516-042004_tuned,0,False,40.0,1.0,search,0.01,20,0.25,4,0.1,1.5,18,0.0
2.983723687874934e-08,2.9609651644730344e-05,0.001006671774872034,8,18,cuda:6,19.966718196868896,1179648,0.0,std_0.1,4,2.9639488881609093e-05,runtime/gsvq_iquant_hparam/20260516-041814/search/std_0.1/subprocess.log,0.05,4,adamw,runtime/gsvq_iquant_hparam/20260516-041814/search/std_0.1,tuned,-1.7746985273939952e-07,2.9816958734348493e-05,-0.0059876151524838606,1,runtime/gsvq_iquant_hparam/20260516-041814/search/std_0.1/20260516-042105_tuned,0,False,40.0,1.0,search,0.1,20,0.25,4,0.1,1.5,18,0.0
2.8838409586267433e-08,2.9610650472022826e-05,0.0009729725671538581,16,18,cuda:6,21.05859684944153,1179648,0.0,hard_lr01_steps50_c16,3,2.9639488881609093e-05,runtime/gsvq_iquant_hparam/20260516-041814/search/hard_lr01_steps50_c16/subprocess.log,0.1,8,adamw,runtime/gsvq_iquant_hparam/20260516-041814/search/hard_lr01_steps50_c16,tuned,2.8838409586267433e-08,2.9610650472022826e-05,0.0009729725671538581,1,runtime/gsvq_iquant_hparam/20260516-041814/search/hard_lr01_steps50_c16/20260516-042327_tuned,0,False,40.0,1.0,search,0.01,50,0.25,8,0.1,1.5,18,0.0
2.368465680370352e-08,2.961580422480539e-05,0.0007990912697013318,8,18,cuda:5,20.50991415977478,1179648,0.0,cand_8_n8_t0,5,2.9639488881609093e-05,runtime/gsvq_iquant_hparam/20260516-041814/search/cand_8_n8_t0/subprocess.log,0.05,8,adamw,runtime/gsvq_iquant_hparam/20260516-041814/search/cand_8_n8_t0,tuned,2.368465680370352e-08,2.961580422480539e-05,0.0007990912697013318,1,runtime/gsvq_iquant_hparam/20260516-041814/search/cand_8_n8_t0/20260516-041944_tuned,0,False,40.0,1.0,search,0.01,20,0.25,0,0.1,1.5,18,0.0
1.8061453172576737e-08,2.9621427428436517e-05,0.0006093712764319505,8,18,cuda:6,20.329638242721558,1179648,0.0,steps_5,5,2.9639488881609093e-05,runtime/gsvq_iquant_hparam/20260516-041814/search/steps_5/subprocess.log,0.05,4,adamw,runtime/gsvq_iquant_hparam/20260516-041814/search/steps_5,tuned,1.8061453172576737e-08,2.9621427428436517e-05,0.0006093712764319505,1,runtime/gsvq_iquant_hparam/20260516-041814/search/steps_5/20260516-041903_tuned,0,False,40.0,1.0,search,0.01,5,0.25,4,0.1,1.5,18,0.0
1.6438813569646216e-08,2.9623050068039447e-05,0.000554625406507812,8,18,cuda:7,20.6809561252594,1179648,0.0,lr_0.01,4,2.9639488881609093e-05,runtime/gsvq_iquant_hparam/20260516-041814/search/lr_0.01/subprocess.log,0.01,4,adamw,runtime/gsvq_iquant_hparam/20260516-041814/search/lr_0.01,tuned,1.6438813569646216e-08,2.9623050068039447e-05,0.000554625406507812,1,runtime/gsvq_iquant_hparam/20260516-041814/search/lr_0.01/20260516-041822_tuned,0,False,40.0,1.0,search,0.01,20,0.25,4,0.1,1.5,18,0.0
1.634190185642359e-08,2.962314697975267e-05,0.000551355724172542,16,18,cuda:3,20.089415073394775,1179648,0.0,cand_16_n4_t12,5,2.9639488881609093e-05,runtime/gsvq_iquant_hparam/20260516-041814/search/cand_16_n4_t12/subprocess.log,0.05,4,adamw,runtime/gsvq_iquant_hparam/20260516-041814/search/cand_16_n4_t12,tuned,1.634190185642359e-08,2.962314697975267e-05,0.000551355724172542,1,runtime/gsvq_iquant_hparam/20260516-041814/search/cand_16_n4_t12/20260516-042002_tuned,0,False,40.0,1.0,search,0.01,20,0.25,12,0.1,1.5,18,0.0
1.548323780298233e-08,2.962400564380611e-05,0.000522385452219774,16,18,cuda:7,21.061269521713257,1179648,0.0,hard_lr02_steps50_c16,2,2.9639488881609093e-05,runtime/gsvq_iquant_hparam/20260516-041814/search/hard_lr02_steps50_c16/subprocess.log,0.2,8,adamw,runtime/gsvq_iquant_hparam/20260516-041814/search/hard_lr02_steps50_c16,tuned,1.548323780298233e-08,2.962400564380611e-05,0.000522385452219774,1,runtime/gsvq_iquant_hparam/20260516-041814/search/hard_lr02_steps50_c16/20260516-042327_tuned,0,False,40.0,1.0,search,0.01,50,0.25,8,0.1,1.5,18,0.0
1.1624656003226874e-08,2.9627864225605866e-05,0.000392201635111185,8,18,cuda:3,20.274561166763306,1179648,0.0,strength_0.05,5,2.9639488881609093e-05,runtime/gsvq_iquant_hparam/20260516-041814/search/strength_0.05/subprocess.log,0.05,4,adamw,runtime/gsvq_iquant_hparam/20260516-041814/search/strength_0.05,tuned,1.1624656003226874e-08,2.9627864225605866e-05,0.000392201635111185,1,runtime/gsvq_iquant_hparam/20260516-041814/search/strength_0.05/20260516-042022_tuned,0,False,40.0,1.0,search,0.01,20,0.05,4,0.1,1.5,18,0.0
1.0016568315528108e-08,2.9629472313293565e-05,0.00033794672895804404,8,18,cuda:7,20.173758029937744,1179648,0.0,hard_c8_target_only_lr02,3,2.9639488881609093e-05,runtime/gsvq_iquant_hparam/20260516-041814/search/hard_c8_target_only_lr02/subprocess.log,0.2,0,adamw,runtime/gsvq_iquant_hparam/20260516-041814/search/hard_c8_target_only_lr02,tuned,1.0016568315528108e-08,2.9629472313293565e-05,0.00033794672895804404,1,runtime/gsvq_iquant_hparam/20260516-041814/search/hard_c8_target_only_lr02/20260516-042348_tuned,0,False,40.0,1.0,search,0.01,20,0.25,8,0.1,1.5,18,0.0
8.61897812380258e-09,2.963086990348529e-05,0.0002907937501294275,32,18,cuda:6,20.159640789031982,1179648,0.0,cand_32_n16_t16,5,2.9639488881609093e-05,runtime/gsvq_iquant_hparam/20260516-041814/search/cand_32_n16_t16/subprocess.log,0.05,16,adamw,runtime/gsvq_iquant_hparam/20260516-041814/search/cand_32_n16_t16,tuned,8.61897812380258e-09,2.963086990348529e-05,0.0002907937501294275,1,runtime/gsvq_iquant_hparam/20260516-041814/search/cand_32_n16_t16/20260516-042005_tuned,0,False,40.0,1.0,search,0.01,20,0.25,16,0.1,1.5,18,0.0
7.171466778447156e-09,2.9632317414830646e-05,0.00024195649280905632,8,18,cuda:3,19.849848747253418,1179648,0.0,hard_c8_neighbor_only_lr01,3,2.9639488881609093e-05,runtime/gsvq_iquant_hparam/20260516-041814/search/hard_c8_neighbor_only_lr01/subprocess.log,0.1,8,adamw,runtime/gsvq_iquant_hparam/20260516-041814/search/hard_c8_neighbor_only_lr01,tuned,7.171466778447156e-09,2.9632317414830646e-05,0.00024195649280905632,1,runtime/gsvq_iquant_hparam/20260516-041814/search/hard_c8_neighbor_only_lr01/20260516-042407_tuned,0,False,40.0,1.0,search,0.01,20,0.25,0,0.1,1.5,18,0.0
4.850638411714372e-12,2.963948403097068e-05,1.6365459037062304e-07,8,18,cuda:5,20.21308970451355,1179648,0.0,opt_lion,1,2.9639488881609093e-05,runtime/gsvq_iquant_hparam/20260516-041814/search/opt_lion/subprocess.log,0.05,4,lion,runtime/gsvq_iquant_hparam/20260516-041814/search/opt_lion,tuned,4.850638411714372e-12,2.963948403097068e-05,1.6365459037062304e-07,1,runtime/gsvq_iquant_hparam/20260516-041814/search/opt_lion/20260516-042226_tuned,0,False,40.0,1.0,search,0.01,20,0.25,4,0.1,1.5,18,0.0
0.0,2.9639488881609093e-05,0.0,8,18,cuda:7,20.23811626434326,1179648,0.0,strength_0,0,2.9639488881609093e-05,runtime/gsvq_iquant_hparam/20260516-041814/search/strength_0/subprocess.log,0.05,4,adamw,runtime/gsvq_iquant_hparam/20260516-041814/search/strength_0,tuned,-4.530644825232837e-06,3.417013370684193e-05,-0.1528583992568118,1,runtime/gsvq_iquant_hparam/20260516-041814/search/strength_0/20260516-042003_tuned,0,False,40.0,1.0,search,0.01,20,0.0,4,0.1,1.5,18,0.0
0.0,2.9639488881609093e-05,0.0,8,18,cuda:3,20.9346764087677,1179648,0.0,original,0,2.9639488881609093e-05,runtime/gsvq_iquant_hparam/20260516-041814/search/original/subprocess.log,0.05,4,adamw,runtime/gsvq_iquant_hparam/20260516-041814/search/original,original,0.0,2.9639488881609093e-05,0.0,1,runtime/gsvq_iquant_hparam/20260516-041814/search/original/20260516-041822_original,0,False,40.0,1.0,search,0.01,20,0.25,4,0.1,1.5,18,0.0
0.0,2.9639488881609093e-05,0.0,8,18,cuda:3,19.946348667144775,1179648,0.0,lr_0.5,0,2.9639488881609093e-05,runtime/gsvq_iquant_hparam/20260516-041814/search/lr_0.5/subprocess.log,0.5,4,adamw,runtime/gsvq_iquant_hparam/20260516-041814/search/lr_0.5,tuned,0.0,2.9639488881609093e-05,0.0,1,runtime/gsvq_iquant_hparam/20260516-041814/search/lr_0.5/20260516-041902_tuned,0,False,40.0,1.0,search,0.01,20,0.25,4,0.1,1.5,18,0.0
0.0,2.9639488881609093e-05,0.0,8,18,cuda:3,20.62203550338745,1179648,0.0,strength_1,0,2.9639488881609093e-05,runtime/gsvq_iquant_hparam/20260516-041814/search/strength_1/subprocess.log,0.05,4,adamw,runtime/gsvq_iquant_hparam/20260516-041814/search/strength_1,tuned,0.0,2.9639488881609093e-05,0.0,1,runtime/gsvq_iquant_hparam/20260516-041814/search/strength_1/20260516-042042_tuned,0,False,40.0,1.0,search,0.01,20,1.0,4,0.1,1.5,18,0.0
0.0,2.9639488881609093e-05,0.0,8,18,cuda:3,20.21426296234131,1179648,0.0,hard_lr01_strength0,0,2.9639488881609093e-05,runtime/gsvq_iquant_hparam/20260516-041814/search/hard_lr01_strength0/subprocess.log,0.1,4,adamw,runtime/gsvq_iquant_hparam/20260516-041814/search/hard_lr01_strength0,tuned,-4.079494829056781e-06,3.3718983710665874e-05,-0.1376371517522373,1,runtime/gsvq_iquant_hparam/20260516-041814/search/hard_lr01_strength0/20260516-042347_tuned,0,False,40.0,1.0,search,0.03,20,0.0,4,0.1,1.5,18,0.0
0.0,2.9639488881609093e-05,0.0,8,18,cuda:3,21.07280659675598,1179648,0.0,hard_lion_lr001_steps50,0,2.9639488881609093e-05,runtime/gsvq_iquant_hparam/20260516-041814/search/hard_lion_lr001_steps50/subprocess.log,0.001,4,lion,runtime/gsvq_iquant_hparam/20260516-041814/search/hard_lion_lr001_steps50,tuned,0.0,2.9639488881609093e-05,0.0,1,runtime/gsvq_iquant_hparam/20260516-041814/search/hard_lion_lr001_steps50/20260516-042427_tuned,0,False,40.0,1.0,search,0.01,50,0.25,4,0.1,1.5,18,0.0
0.0,2.9639488881609093e-05,0.0,8,18,cuda:5,20.157794952392578,1179648,0.0,lr_1,0,2.9639488881609093e-05,runtime/gsvq_iquant_hparam/20260516-041814/search/lr_1/subprocess.log,1.0,4,adamw,runtime/gsvq_iquant_hparam/20260516-041814/search/lr_1,tuned,0.0,2.9639488881609093e-05,0.0,1,runtime/gsvq_iquant_hparam/20260516-041814/search/lr_1/20260516-041903_tuned,0,False,40.0,1.0,search,0.01,20,0.25,4,0.1,1.5,18,0.0
0.0,2.9639488881609093e-05,0.0,8,18,cuda:5,21.242006540298462,1179648,0.0,hard_lr02_strength0,0,2.9639488881609093e-05,runtime/gsvq_iquant_hparam/20260516-041814/search/hard_lr02_strength0/subprocess.log,0.2,4,adamw,runtime/gsvq_iquant_hparam/20260516-041814/search/hard_lr02_strength0,tuned,-4.034300875193567e-06,3.367378975680266e-05,-0.13611236318237582,1,runtime/gsvq_iquant_hparam/20260516-041814/search/hard_lr02_strength0/20260516-042347_tuned,0,False,40.0,1.0,search,0.03,20,0.0,4,0.1,1.5,18,0.0
0.0,2.9639488881609093e-05,0.0,8,18,cuda:6,21.22636604309082,1179648,0.0,lr_0.005,0,2.9639488881609093e-05,runtime/gsvq_iquant_hparam/20260516-041814/search/lr_0.005/subprocess.log,0.005,4,adamw,runtime/gsvq_iquant_hparam/20260516-041814/search/lr_0.005,tuned,0.0,2.9639488881609093e-05,0.0,1,runtime/gsvq_iquant_hparam/20260516-041814/search/lr_0.005/20260516-041822_tuned,0,False,40.0,1.0,search,0.01,20,0.25,4,0.1,1.5,18,0.0
0.0,2.9639488881609093e-05,0.0,8,18,cuda:6,20.03264594078064,1179648,0.0,opt_sgd,0,2.9639488881609093e-05,runtime/gsvq_iquant_hparam/20260516-041814/search/opt_sgd/subprocess.log,0.05,4,sgd,runtime/gsvq_iquant_hparam/20260516-041814/search/opt_sgd,tuned,0.0,2.9639488881609093e-05,0.0,1,runtime/gsvq_iquant_hparam/20260516-041814/search/opt_sgd/20260516-042226_tuned,0,False,40.0,1.0,search,0.01,20,0.25,4,0.1,1.5,18,0.0
